id,family,species
00334,Tineidae,Amydria-effrenatella
00911,Depressariidae,Bibarrambla-allenella
00911,Depressariidae,Bibarrambla-allenella
00911,Depressariidae,Bibarrambla-allenella
00911,Depressariidae,Bibarrambla-allenella
00911,Depressariidae,Bibarrambla-allenella
00951,Depressariidae,Machimia-tentoriferella
00951,Depressariidae,Machimia-tentoriferella
00951,Depressariidae,Machimia-tentoriferella
00957,Depressariidae,Psilocorsis-reflexella
00957,Depressariidae,Psilocorsis-reflexella
00957,Depressariidae,Psilocorsis-reflexella
00957,Depressariidae,Psilocorsis-reflexella
00957,Depressariidae,Psilocorsis-reflexella
00957,Depressariidae,Psilocorsis-reflexella
00957,Depressariidae,Psilocorsis-reflexella
00957,Depressariidae,Psilocorsis-reflexella
00957,Depressariidae,Psilocorsis-reflexella
00957,Depressariidae,Psilocorsis-reflexella
00957,Depressariidae,Psilocorsis-reflexella
00957,Depressariidae,Psilocorsis-reflexella
00957,Depressariidae,Psilocorsis-reflexella
00957,Depressariidae,Psilocorsis-reflexella
00957,Depressariidae,Psilocorsis-reflexella
00957,Depressariidae,Psilocorsis-reflexella
00957,Depressariidae,Psilocorsis-reflexella
00957,Depressariidae,Psilocorsis-reflexella
00957,Depressariidae,Psilocorsis-reflexella
00957,Depressariidae,Psilocorsis-reflexella
00957,Depressariidae,Psilocorsis-reflexella
00957,Depressariidae,Psilocorsis-reflexella
00957,Depressariidae,Psilocorsis-reflexella
00957,Depressariidae,Psilocorsis-reflexella
00957,Depressariidae,Psilocorsis-reflexella
00957,Depressariidae,Psilocorsis-reflexella
00957,Depressariidae,Psilocorsis-reflexella
00957,Depressariidae,Psilocorsis-reflexella
00957,Depressariidae,Psilocorsis-reflexella
00957,Depressariidae,Psilocorsis-reflexella
00957,Depressariidae,Psilocorsis-reflexella
00957,Depressariidae,Psilocorsis-reflexella
00957,Depressariidae,Psilocorsis-reflexella
00957,Depressariidae,Psilocorsis-reflexella
00957,Depressariidae,Psilocorsis-reflexella
00957,Depressariidae,Psilocorsis-reflexella
00957,Depressariidae,Psilocorsis-reflexella
00957,Depressariidae,Psilocorsis-reflexella
00957,Depressariidae,Psilocorsis-reflexella
00957,Depressariidae,Psilocorsis-reflexella
00957,Depressariidae,Psilocorsis-reflexella
00957,Depressariidae,Psilocorsis-reflexella
00957,Depressariidae,Psilocorsis-reflexella
01011,Depressariidae,Antaeotricha-schlaegeri
01011,Depressariidae,Antaeotricha-schlaegeri
01058,Oecophoridae,Polix-coloradella
01162,Blastobasidae,Blastobasis-glandulella
01162,Blastobasidae,Blastobasis-glandulella
01162,Blastobasidae,Blastobasis-glandulella
01162,Blastobasidae,Blastobasis-glandulella
01162,Blastobasidae,Blastobasis-glandulella
01162,Blastobasidae,Blastobasis-glandulella
01162,Blastobasidae,Blastobasis-glandulella
01162,Blastobasidae,Blastobasis-glandulella
01162,Blastobasidae,Blastobasis-glandulella
01162,Blastobasidae,Blastobasis-glandulella
01162,Blastobasidae,Blastobasis-glandulella
01162,Blastobasidae,Blastobasis-glandulella
01162,Blastobasidae,Blastobasis-glandulella
01162,Blastobasidae,Blastobasis-glandulella
01162,Blastobasidae,Blastobasis-glandulella
01162,Blastobasidae,Blastobasis-glandulella
01162,Blastobasidae,Blastobasis-glandulella
01162,Blastobasidae,Blastobasis-glandulella
01162,Blastobasidae,Blastobasis-glandulella
01162,Blastobasidae,Blastobasis-glandulella
01162,Blastobasidae,Blastobasis-glandulella
01162,Blastobasidae,Blastobasis-glandulella
01162,Blastobasidae,Blastobasis-glandulella
01162,Blastobasidae,Blastobasis-glandulella
01162,Blastobasidae,Blastobasis-glandulella
01162,Blastobasidae,Blastobasis-glandulella
01162,Blastobasidae,Blastobasis-glandulella
01162,Blastobasidae,Blastobasis-glandulella
01162,Blastobasidae,Blastobasis-glandulella
01162,Blastobasidae,Blastobasis-glandulella
01162,Blastobasidae,Blastobasis-glandulella
01162,Blastobasidae,Blastobasis-glandulella
01162,Blastobasidae,Blastobasis-glandulella
01162,Blastobasidae,Blastobasis-glandulella
01162,Blastobasidae,Blastobasis-glandulella
01162,Blastobasidae,Blastobasis-glandulella
01162,Blastobasidae,Blastobasis-glandulella
01162,Blastobasidae,Blastobasis-glandulella
01162,Blastobasidae,Blastobasis-glandulella
01162,Blastobasidae,Blastobasis-glandulella
01162,Blastobasidae,Blastobasis-glandulella
01162,Blastobasidae,Blastobasis-glandulella
01162,Blastobasidae,Blastobasis-glandulella
01162,Blastobasidae,Blastobasis-glandulella
01162,Blastobasidae,Blastobasis-glandulella
01162,Blastobasidae,Blastobasis-glandulella
01162,Blastobasidae,Blastobasis-glandulella
01162,Blastobasidae,Blastobasis-glandulella
01232,Blastobasidae,Pigritia-laticapitella
01232,Blastobasidae,Pigritia-laticapitella
01232,Blastobasidae,Pigritia-laticapitella
01232,Blastobasidae,Pigritia-laticapitella
01232,Blastobasidae,Pigritia-laticapitella
01232,Blastobasidae,Pigritia-laticapitella
01842,Autostichidae,Taygete-attributella
01874,Gelechiidae,Carpatolechia-fugitivella
02457,Argyresthiidae,Argyresthia-goedartella
02769,Tortricidae,Pseudosciaphila-duplex
02769,Tortricidae,Pseudosciaphila-duplex
02848,Tortricidae,Olethreutes-bipartitana
02860,Tortricidae,Syricoris-lacunana
02860,Tortricidae,Syricoris-lacunana
02860,Tortricidae,Syricoris-lacunana
03310,Tortricidae,Epinotia-transmissana
03310,Tortricidae,Epinotia-transmissana
03361,Tortricidae,Ancylis-semiovana
03379,Tortricidae,Ancylis-diminuatana
03379,Tortricidae,Ancylis-diminuatana
03379,Tortricidae,Ancylis-diminuatana
03503,,
03539,Tortricidae,Acleris-chalybeana
03548,Tortricidae,Acleris-variana
03573,,
03594,Tortricidae,Pandemis-limitata
03594,Tortricidae,Pandemis-limitata
03594,Tortricidae,Pandemis-limitata
03594,Tortricidae,Pandemis-limitata
03594,Tortricidae,Pandemis-limitata
03594,Tortricidae,Pandemis-limitata
03594,Tortricidae,Pandemis-limitata
03594,Tortricidae,Pandemis-limitata
03666,Tortricidae,Archips-dissitana
03666,Tortricidae,Archips-dissitana
03686,Tortricidae,Clepsis-melaleucanus
03686,Tortricidae,Clepsis-melaleucanus
03686,Tortricidae,Clepsis-melaleucanus
03686,Tortricidae,Clepsis-melaleucanus
03686,Tortricidae,Clepsis-melaleucanus
03686,Tortricidae,Clepsis-melaleucanus
03686,Tortricidae,Clepsis-melaleucanus
03686,Tortricidae,Clepsis-melaleucanus
03688,Tortricidae,Clepsis-peritana
03688,Tortricidae,Clepsis-peritana
03688,Tortricidae,Clepsis-peritana
03688,Tortricidae,Clepsis-peritana
03688,Tortricidae,Clepsis-peritana
03688,Tortricidae,Clepsis-peritana
03689,,
03689,,
03743,Tortricidae,Platynota-exasperatana
03760,,
03813,Tortricidae,Phtheochroa-birdana
03837,Tortricidae,Rolandylis-maiana
04652,Limacodidae,Tortricidia-testacea
04652,Limacodidae,Tortricidia-testacea
04665,Limacodidae,Lithacodes-fasciola
04665,Limacodidae,Lithacodes-fasciola
04669,Limacodidae,Apoda-biguttata
04669,Limacodidae,Apoda-biguttata
04669,Limacodidae,Apoda-biguttata
04716,Crambidae,Scoparia-biplagialis
04716,Crambidae,Scoparia-biplagialis
04716,Crambidae,Scoparia-biplagialis
04716,Crambidae,Scoparia-biplagialis
04716,Crambidae,Scoparia-biplagialis
04716,Crambidae,Scoparia-biplagialis
04716,Crambidae,Scoparia-biplagialis
04716,Crambidae,Scoparia-biplagialis
04716,Crambidae,Scoparia-biplagialis
04716,Crambidae,Scoparia-biplagialis
04719,Crambidae,Scoparia-basalis
04719,Crambidae,Scoparia-basalis
04719,Crambidae,Scoparia-basalis
04738,Crambidae,Eudonia-strigalis
04738,Crambidae,Eudonia-strigalis
04738,Crambidae,Eudonia-strigalis
04738,Crambidae,Eudonia-strigalis
04738,Crambidae,Eudonia-strigalis
04738,Crambidae,Eudonia-strigalis
04738,Crambidae,Eudonia-strigalis
04738,Crambidae,Eudonia-strigalis
04738,Crambidae,Eudonia-strigalis
04738,Crambidae,Eudonia-strigalis
04738,Crambidae,Eudonia-strigalis
04738,Crambidae,Eudonia-strigalis
04738,Crambidae,Eudonia-strigalis
04738,Crambidae,Eudonia-strigalis
04739,Crambidae,Eudonia-heterosalis
04739,Crambidae,Eudonia-heterosalis
04739,Crambidae,Eudonia-heterosalis
04739,Crambidae,Eudonia-heterosalis
04739,Crambidae,Eudonia-heterosalis
04739,Crambidae,Eudonia-heterosalis
04739,Crambidae,Eudonia-heterosalis
04739,Crambidae,Eudonia-heterosalis
04739,Crambidae,Eudonia-heterosalis
04739,Crambidae,Eudonia-heterosalis
04739,Crambidae,Eudonia-heterosalis
04739,Crambidae,Eudonia-heterosalis
04739,Crambidae,Eudonia-heterosalis
04739,Crambidae,Eudonia-heterosalis
04739,Crambidae,Eudonia-heterosalis
04739,Crambidae,Eudonia-heterosalis
04739,Crambidae,Eudonia-heterosalis
04739,Crambidae,Eudonia-heterosalis
04739,Crambidae,Eudonia-heterosalis
04739,Crambidae,Eudonia-heterosalis
04739,Crambidae,Eudonia-heterosalis
04739,Crambidae,Eudonia-heterosalis
04739,Crambidae,Eudonia-heterosalis
04739,Crambidae,Eudonia-heterosalis
04739,Crambidae,Eudonia-heterosalis
04739,Crambidae,Eudonia-heterosalis
04739,Crambidae,Eudonia-heterosalis
04739,Crambidae,Eudonia-heterosalis
04739,Crambidae,Eudonia-heterosalis
04739,Crambidae,Eudonia-heterosalis
04739,Crambidae,Eudonia-heterosalis
04739,Crambidae,Eudonia-heterosalis
04739,Crambidae,Eudonia-heterosalis
04739,Crambidae,Eudonia-heterosalis
04739,Crambidae,Eudonia-heterosalis
04739,Crambidae,Eudonia-heterosalis
04739,Crambidae,Eudonia-heterosalis
04739,Crambidae,Eudonia-heterosalis
04739,Crambidae,Eudonia-heterosalis
04739,Crambidae,Eudonia-heterosalis
04739,Crambidae,Eudonia-heterosalis
04739,Crambidae,Eudonia-heterosalis
04739,Crambidae,Eudonia-heterosalis
04739,Crambidae,Eudonia-heterosalis
04739,Crambidae,Eudonia-heterosalis
04739,Crambidae,Eudonia-heterosalis
04739,Crambidae,Eudonia-heterosalis
04739,Crambidae,Eudonia-heterosalis
04739,Crambidae,Eudonia-heterosalis
04739,Crambidae,Eudonia-heterosalis
04739,Crambidae,Eudonia-heterosalis
04739,Crambidae,Eudonia-heterosalis
04739,Crambidae,Eudonia-heterosalis
04739,Crambidae,Eudonia-heterosalis
04739,Crambidae,Eudonia-heterosalis
04739,Crambidae,Eudonia-heterosalis
04739,Crambidae,Eudonia-heterosalis
04739,Crambidae,Eudonia-heterosalis
04739,Crambidae,Eudonia-heterosalis
04739,Crambidae,Eudonia-heterosalis
04739,Crambidae,Eudonia-heterosalis
04739,Crambidae,Eudonia-heterosalis
04739,Crambidae,Eudonia-heterosalis
04739,Crambidae,Eudonia-heterosalis
04739,Crambidae,Eudonia-heterosalis
04739,Crambidae,Eudonia-heterosalis
04739,Crambidae,Eudonia-heterosalis
04739,Crambidae,Eudonia-heterosalis
04739,Crambidae,Eudonia-heterosalis
04739,Crambidae,Eudonia-heterosalis
04739,Crambidae,Eudonia-heterosalis
04739,Crambidae,Eudonia-heterosalis
04739,Crambidae,Eudonia-heterosalis
04739,Crambidae,Eudonia-heterosalis
04739,Crambidae,Eudonia-heterosalis
04739,Crambidae,Eudonia-heterosalis
04739,Crambidae,Eudonia-heterosalis
04739,Crambidae,Eudonia-heterosalis
04739,Crambidae,Eudonia-heterosalis
04739,Crambidae,Eudonia-heterosalis
04739,Crambidae,Eudonia-heterosalis
04739,Crambidae,Eudonia-heterosalis
04739,Crambidae,Eudonia-heterosalis
04739,Crambidae,Eudonia-heterosalis
04739,Crambidae,Eudonia-heterosalis
04739,Crambidae,Eudonia-heterosalis
04739,Crambidae,Eudonia-heterosalis
04739,Crambidae,Eudonia-heterosalis
04739,Crambidae,Eudonia-heterosalis
04739,Crambidae,Eudonia-heterosalis
04739,Crambidae,Eudonia-heterosalis
04739,Crambidae,Eudonia-heterosalis
04739,Crambidae,Eudonia-heterosalis
04739,Crambidae,Eudonia-heterosalis
04739,Crambidae,Eudonia-heterosalis
04739,Crambidae,Eudonia-heterosalis
04739,Crambidae,Eudonia-heterosalis
04739,Crambidae,Eudonia-heterosalis
04739,Crambidae,Eudonia-heterosalis
04739,Crambidae,Eudonia-heterosalis
04739,Crambidae,Eudonia-heterosalis
04739,Crambidae,Eudonia-heterosalis
04739,Crambidae,Eudonia-heterosalis
04739,Crambidae,Eudonia-heterosalis
04739,Crambidae,Eudonia-heterosalis
04739,Crambidae,Eudonia-heterosalis
04739,Crambidae,Eudonia-heterosalis
04739,Crambidae,Eudonia-heterosalis
04739,Crambidae,Eudonia-heterosalis
04739,Crambidae,Eudonia-heterosalis
04739,Crambidae,Eudonia-heterosalis
04739,Crambidae,Eudonia-heterosalis
04739,Crambidae,Eudonia-heterosalis
04739,Crambidae,Eudonia-heterosalis
04739,Crambidae,Eudonia-heterosalis
04739,Crambidae,Eudonia-heterosalis
04739,Crambidae,Eudonia-heterosalis
04739,Crambidae,Eudonia-heterosalis
04739,Crambidae,Eudonia-heterosalis
04739,Crambidae,Eudonia-heterosalis
04739,Crambidae,Eudonia-heterosalis
04739,Crambidae,Eudonia-heterosalis
04739,Crambidae,Eudonia-heterosalis
04739,Crambidae,Eudonia-heterosalis
04739,Crambidae,Eudonia-heterosalis
04739,Crambidae,Eudonia-heterosalis
04739,Crambidae,Eudonia-heterosalis
04739,Crambidae,Eudonia-heterosalis
04739,Crambidae,Eudonia-heterosalis
04739,Crambidae,Eudonia-heterosalis
04739,Crambidae,Eudonia-heterosalis
04739,Crambidae,Eudonia-heterosalis
04739,Crambidae,Eudonia-heterosalis
04739,Crambidae,Eudonia-heterosalis
04739,Crambidae,Eudonia-heterosalis
04739,Crambidae,Eudonia-heterosalis
04739,Crambidae,Eudonia-heterosalis
04739,Crambidae,Eudonia-heterosalis
04739,Crambidae,Eudonia-heterosalis
04739,Crambidae,Eudonia-heterosalis
04739,Crambidae,Eudonia-heterosalis
04739,Crambidae,Eudonia-heterosalis
04739,Crambidae,Eudonia-heterosalis
04739,Crambidae,Eudonia-heterosalis
04739,Crambidae,Eudonia-heterosalis
04739,Crambidae,Eudonia-heterosalis
04739,Crambidae,Eudonia-heterosalis
04739,Crambidae,Eudonia-heterosalis
04739,Crambidae,Eudonia-heterosalis
04739,Crambidae,Eudonia-heterosalis
04764,Crambidae,Parapoynx-allionealis
05176,Crambidae,Anageshna-primordialis
05219,Crambidae,Palpita-kimballi
05226,Crambidae,Palpita-magniferalis
05226,Crambidae,Palpita-magniferalis
05226,Crambidae,Palpita-magniferalis
05226,Crambidae,Palpita-magniferalis
05226,Crambidae,Palpita-magniferalis
05226,Crambidae,Palpita-magniferalis
05226,Crambidae,Palpita-magniferalis
05226,Crambidae,Palpita-magniferalis
05275,Crambidae,Herpetogramma-pertextalis
05275,Crambidae,Herpetogramma-pertextalis
05275,Crambidae,Herpetogramma-pertextalis
05275,Crambidae,Herpetogramma-pertextalis
05275,Crambidae,Herpetogramma-pertextalis
05281,Crambidae,Pilocrocis-ramentalis
05361,Crambidae,Crambus-albellus
05361,Crambidae,Crambus-albellus
05361,Crambidae,Crambus-albellus
05361,Crambidae,Crambus-albellus
05362,Crambidae,Crambus-agitatellus
05362,Crambidae,Crambus-agitatellus
05362,Crambidae,Crambus-agitatellus
05362,Crambidae,Crambus-agitatellus
05362,Crambidae,Crambus-agitatellus
05391,Crambidae,Chrysoteuchia-topiarius
05391,Crambidae,Chrysoteuchia-topiarius
05419,Crambidae,Microcrambus-biguttellus
05419,Crambidae,Microcrambus-biguttellus
05419,Crambidae,Microcrambus-biguttellus
05420,Crambidae,Microcrambus-elegans
05511,Pyralidae,Aglossa-costiferalis
05571,Pyralidae,Condylolomia-participialis
05571,Pyralidae,Condylolomia-participialis
05571,Pyralidae,Condylolomia-participialis
05571,Pyralidae,Condylolomia-participialis
05606,Pyralidae,Pococera-asperatella
05721,Pyralidae,Apomyelois-bistriatella
06235,Drepanidae,Habrosyne-scripta
06251,Drepanidae,Drepana-arcuata
06251,Drepanidae,Drepana-arcuata
06251,Drepanidae,Drepana-arcuata
06251,Drepanidae,Drepana-arcuata
06251,Drepanidae,Drepana-arcuata
06251,Drepanidae,Drepana-arcuata
06251,Drepanidae,Drepana-arcuata
06251,Drepanidae,Drepana-arcuata
06251,Drepanidae,Drepana-arcuata
06251,Drepanidae,Drepana-arcuata
06251,Drepanidae,Drepana-arcuata
06251,Drepanidae,Drepana-arcuata
06251,Drepanidae,Drepana-arcuata
06251,Drepanidae,Drepana-arcuata
06251,Drepanidae,Drepana-arcuata
06251,Drepanidae,Drepana-arcuata
06251,Drepanidae,Drepana-arcuata
06251,Drepanidae,Drepana-arcuata
06251,Drepanidae,Drepana-arcuata
06251,Drepanidae,Drepana-arcuata
06251,Drepanidae,Drepana-arcuata
06251,Drepanidae,Drepana-arcuata
06251,Drepanidae,Drepana-arcuata
06251,Drepanidae,Drepana-arcuata
06251,Drepanidae,Drepana-arcuata
06251,Drepanidae,Drepana-arcuata
06252,Drepanidae,Drepana-bilineata
06252,Drepanidae,Drepana-bilineata
06252,Drepanidae,Drepana-bilineata
06252,Drepanidae,Drepana-bilineata
06252,Drepanidae,Drepana-bilineata
06252,Drepanidae,Drepana-bilineata
06261,Geometroidea,Heliomata-cycladata
06273,Geometridae,Macaria-pustularia
06273,Geometridae,Macaria-pustularia
06273,Geometridae,Macaria-pustularia
06273,Geometridae,Macaria-pustularia
06273,Geometridae,Macaria-pustularia
06273,Geometridae,Macaria-pustularia
06273,Geometridae,Macaria-pustularia
06273,Geometridae,Macaria-pustularia
06273,Geometridae,Macaria-pustularia
06273,Geometridae,Macaria-pustularia
06326,Geometridae,Macaria-aemulataria
06326,Geometridae,Macaria-aemulataria
06326,Geometridae,Macaria-aemulataria
06326,Geometridae,Macaria-aemulataria
06326,Geometridae,Macaria-aemulataria
06326,Geometridae,Macaria-aemulataria
06326,Geometridae,Macaria-aemulataria
06342,Geometridae,Macaria-bisignata
06347,Geometridae,Macaria-pinistrobata
06347,Geometridae,Macaria-pinistrobata
06348,Geometridae,Macaria-fissinotata
06348,Geometridae,Macaria-fissinotata
06348,Geometridae,Macaria-fissinotata
06351,Geometridae,Macaria-oweni
06351,Geometridae,Macaria-oweni
06588,Geometridae,Iridopsis-larvaria
06588,Geometridae,Iridopsis-larvaria
06597,Geometridae,Ectropis-crepuscularia
06597,Geometridae,Ectropis-crepuscularia
06598,Ennominae,Protoboarmia-porcelaria
06598,Ennominae,Protoboarmia-porcelaria
06598,Ennominae,Protoboarmia-porcelaria
06638,Geometridae,Eufidonia-notataria
06638,Geometridae,Eufidonia-notataria
06638,Geometridae,Eufidonia-notataria
06640,Geometridae,Biston-betularia-cognataria
06640,Geometridae,Biston-betularia-cognataria
06640,Geometridae,Biston-betularia-cognataria
06640,Geometridae,Biston-betularia-cognataria
06640,Geometridae,Biston-betularia-cognataria
06640,Geometridae,Biston-betularia-cognataria
06640,Geometridae,Biston-betularia-cognataria
06640,Geometridae,Biston-betularia-cognataria
06640,Geometridae,Biston-betularia-cognataria
06656,Geometridae,Hypagyrtis-piniata
06737,Geometridae,Euchlaena-tigrinaria
06737,Geometridae,Euchlaena-tigrinaria
06737,Geometridae,Euchlaena-tigrinaria
06737,Geometridae,Euchlaena-tigrinaria
06737,Geometridae,Euchlaena-tigrinaria
06737,Geometridae,Euchlaena-tigrinaria
06737,Geometridae,Euchlaena-tigrinaria
06737,Geometridae,Euchlaena-tigrinaria
06737,Geometridae,Euchlaena-tigrinaria
06737,Geometridae,Euchlaena-tigrinaria
06737,Geometridae,Euchlaena-tigrinaria
06737,Geometridae,Euchlaena-tigrinaria
06737,Geometridae,Euchlaena-tigrinaria
06737,Geometridae,Euchlaena-tigrinaria
06755,Geometridae,Pero-morrisonaria
06763,Geometridae,Phaeoura-quernaria
06796,Geometridae,Campaea-perlata
06796,Geometridae,Campaea-perlata
06796,Geometridae,Campaea-perlata
06796,Geometridae,Campaea-perlata
06796,Geometridae,Campaea-perlata
06796,Geometridae,Campaea-perlata
06796,Geometridae,Campaea-perlata
06796,Geometridae,Campaea-perlata
06796,Geometridae,Campaea-perlata
06796,Geometridae,Campaea-perlata
06796,Geometridae,Campaea-perlata
06797,Geometridae,Ennomos-magnaria
06798,Geometridae,Ennomos-subsignaria
06798,Geometridae,Ennomos-subsignaria
06798,Geometridae,Ennomos-subsignaria
06798,Geometridae,Ennomos-subsignaria
06798,Geometridae,Ennomos-subsignaria
06798,Geometridae,Ennomos-subsignaria
06818,Geometridae,Selenia-kentaria
06818,Geometridae,Selenia-kentaria
06836,Geometridae,Anagoga-occiduaria
06837,Geometridae,Probole-amicaria
06837,Geometridae,Probole-amicaria
06837,Geometridae,Probole-amicaria
06838,Geometridae,Probole-amicaria
06840,Geometridae,Plagodis-serinaria
06840,Geometridae,Plagodis-serinaria
06840,Geometridae,Plagodis-serinaria
06840,Geometridae,Plagodis-serinaria
06842,Geometridae,Plagodis-phlogosaria
06842,Geometridae,Plagodis-phlogosaria
06842,Geometridae,Plagodis-phlogosaria
06842,Geometridae,Plagodis-phlogosaria
06842,Geometridae,Plagodis-phlogosaria
06842,Geometridae,Plagodis-phlogosaria
06843,Geometridae,Plagodis-fervidaria
06863,Geometridae,Caripeta-divisata
06863,Geometridae,Caripeta-divisata
06863,Geometridae,Caripeta-divisata
06863,Geometridae,Caripeta-divisata
06884,Geometridae,Besma-endropiaria
06884,Geometridae,Besma-endropiaria
06888,Geometridae,Lambdina-fiscellaria
06888,Geometridae,Lambdina-fiscellaria
06888,Geometridae,Lambdina-fiscellaria
06888,Geometridae,Lambdina-fiscellaria
06888,Geometridae,Lambdina-fiscellaria
06888,Geometridae,Lambdina-fiscellaria
06888,Geometridae,Lambdina-fiscellaria
06888,Geometridae,Lambdina-fiscellaria
06888,Geometridae,Lambdina-fiscellaria
06888,Geometridae,Lambdina-fiscellaria
06888,Geometridae,Lambdina-fiscellaria
06894,Geometridae,Lambdina-fervidaria
06964,Geometridae,Tetracis-cachexiata
06964,Geometridae,Tetracis-cachexiata
06965,Geometridae,Eugonobapta-nivosaria
07048,Geometridae,Nemoria-mimosaria
07094,Geometridae,Lobocleta-ossularia
07094,Geometridae,Lobocleta-ossularia
07094,Geometridae,Lobocleta-ossularia
07159,Geometridae,Scopula-limboundata
07164,Geometridae,Scopula-junctaria
07164,Geometridae,Scopula-junctaria
07307,Geometridae,Mesoleuca-ruficillata
07320,Geometridae,Perizoma-alchemillata
07414,Geometridae,Orthonama-obstipata
07422,Geometridae,Hydrelia-inornata
07422,Geometridae,Hydrelia-inornata
07422,Geometridae,Hydrelia-inornata
07422,Geometridae,Hydrelia-inornata
07422,Geometridae,Hydrelia-inornata
07422,Geometridae,Hydrelia-inornata
07422,Geometridae,Hydrelia-inornata
07422,Geometridae,Hydrelia-inornata
07586,Geometridae,Eupithecia-absinthiata
07637,Geometridae,Cladara-limitaria
07673,Lasiocampidae,Tolype-laricis
07687,Lasiocampidae,Phyllodesma-americana
07687,Lasiocampidae,Phyllodesma-americana
07687,Lasiocampidae,Phyllodesma-americana
07687,Lasiocampidae,Phyllodesma-americana
07687,Lasiocampidae,Phyllodesma-americana
07687,Lasiocampidae,Phyllodesma-americana
07687,Lasiocampidae,Phyllodesma-americana
07687,Lasiocampidae,Phyllodesma-americana
07687,Lasiocampidae,Phyllodesma-americana
07687,Lasiocampidae,Phyllodesma-americana
07687,Lasiocampidae,Phyllodesma-americana
07687,Lasiocampidae,Phyllodesma-americana
07715,Saturniidae,Dryocampa-rubicunda
07715,Saturniidae,Dryocampa-rubicunda
07715,Saturniidae,Dryocampa-rubicunda
07715,Saturniidae,Dryocampa-rubicunda
07715,Saturniidae,Dryocampa-rubicunda
07715,Saturniidae,Dryocampa-rubicunda
07715,Saturniidae,Dryocampa-rubicunda
07715,Saturniidae,Dryocampa-rubicunda
07715,Saturniidae,Dryocampa-rubicunda
07715,Saturniidae,Dryocampa-rubicunda
07715,Saturniidae,Dryocampa-rubicunda
07715,Saturniidae,Dryocampa-rubicunda
07715,Saturniidae,Dryocampa-rubicunda
07715,Saturniidae,Dryocampa-rubicunda
07715,Saturniidae,Dryocampa-rubicunda
07715,Saturniidae,Dryocampa-rubicunda
07715,Saturniidae,Dryocampa-rubicunda
07715,Saturniidae,Dryocampa-rubicunda
07715,Saturniidae,Dryocampa-rubicunda
07715,Saturniidae,Dryocampa-rubicunda
07715,Saturniidae,Dryocampa-rubicunda
07715,Saturniidae,Dryocampa-rubicunda
07715,Saturniidae,Dryocampa-rubicunda
07715,Saturniidae,Dryocampa-rubicunda
07715,Saturniidae,Dryocampa-rubicunda
07715,Saturniidae,Dryocampa-rubicunda
07715,Saturniidae,Dryocampa-rubicunda
07715,Saturniidae,Dryocampa-rubicunda
07715,Saturniidae,Dryocampa-rubicunda
07715,Saturniidae,Dryocampa-rubicunda
07715,Saturniidae,Dryocampa-rubicunda
07715,Saturniidae,Dryocampa-rubicunda
07715,Saturniidae,Dryocampa-rubicunda
07715,Saturniidae,Dryocampa-rubicunda
07715,Saturniidae,Dryocampa-rubicunda
07715,Saturniidae,Dryocampa-rubicunda
07757,Saturniidae,Antheraea-polyphemus
07757,Saturniidae,Antheraea-polyphemus
07758,Saturniidae,Actias-luna
07758,Saturniidae,Actias-luna
07758,Saturniidae,Actias-luna
07758,Saturniidae,Actias-luna
07758,Saturniidae,Actias-luna
07758,Saturniidae,Actias-luna
07758,Saturniidae,Actias-luna
07758,Saturniidae,Actias-luna
07758,Saturniidae,Actias-luna
07758,Saturniidae,Actias-luna
07758,Saturniidae,Actias-luna
07758,Saturniidae,Actias-luna
07758,Saturniidae,Actias-luna
07758,Saturniidae,Actias-luna
07758,Saturniidae,Actias-luna
07758,Saturniidae,Actias-luna
07758,Saturniidae,Actias-luna
07758,Saturniidae,Actias-luna
07758,Saturniidae,Actias-luna
07758,Saturniidae,Actias-luna
07758,Saturniidae,Actias-luna
07758,Saturniidae,Actias-luna
07758,Saturniidae,Actias-luna
07758,Saturniidae,Actias-luna
07758,Saturniidae,Actias-luna
07758,Saturniidae,Actias-luna
07758,Saturniidae,Actias-luna
07758,Saturniidae,Actias-luna
07758,Saturniidae,Actias-luna
07758,Saturniidae,Actias-luna
07758,Saturniidae,Actias-luna
07767,Saturniidae,Hyalophora-cecropia
07787,Sphingidae,Ceratomia-undulosa
07787,Sphingidae,Ceratomia-undulosa
07787,Sphingidae,Ceratomia-undulosa
07787,Sphingidae,Ceratomia-undulosa
07787,Sphingidae,Ceratomia-undulosa
07787,Sphingidae,Ceratomia-undulosa
07789,Sphingidae,Ceratomia-catalpae
07824,Sphingidae,Paonias-excaecatus
07824,Sphingidae,Paonias-excaecatus
07824,Sphingidae,Paonias-excaecatus
07824,Sphingidae,Paonias-excaecatus
07827,Sphingidae,Amorpha-juglandis
07895,Notodontidae,Clostera-albosigma
07895,Notodontidae,Clostera-albosigma
07895,Notodontidae,Clostera-albosigma
07895,Notodontidae,Clostera-albosigma
07898,Notodontidae,Clostera-strigosa
07898,Notodontidae,Clostera-strigosa
07901,Notodontidae,Clostera-apicalis
07902,Notodontidae,Datana-ministra
07902,Notodontidae,Datana-ministra
07915,Notodontidae,Nadata-gibbosa
07915,Notodontidae,Nadata-gibbosa
07915,Notodontidae,Nadata-gibbosa
07915,Notodontidae,Nadata-gibbosa
07915,Notodontidae,Nadata-gibbosa
07915,Notodontidae,Nadata-gibbosa
07915,Notodontidae,Nadata-gibbosa
07915,Notodontidae,Nadata-gibbosa
07915,Notodontidae,Nadata-gibbosa
07915,Notodontidae,Nadata-gibbosa
07915,Notodontidae,Nadata-gibbosa
07915,Notodontidae,Nadata-gibbosa
07915,Notodontidae,Nadata-gibbosa
07915,Notodontidae,Nadata-gibbosa
07915,Notodontidae,Nadata-gibbosa
07915,Notodontidae,Nadata-gibbosa
07915,Notodontidae,Nadata-gibbosa
07915,Notodontidae,Nadata-gibbosa
07915,Notodontidae,Nadata-gibbosa
07915,Notodontidae,Nadata-gibbosa
07915,Notodontidae,Nadata-gibbosa
07915,Notodontidae,Nadata-gibbosa
07915,Notodontidae,Nadata-gibbosa
07917,Notodontidae,Hyperaeschra-georgica
07917,Notodontidae,Hyperaeschra-georgica
07917,Notodontidae,Hyperaeschra-georgica
07917,Notodontidae,Hyperaeschra-georgica
07917,Notodontidae,Hyperaeschra-georgica
07917,Notodontidae,Hyperaeschra-georgica
07917,Notodontidae,Hyperaeschra-georgica
07917,Notodontidae,Hyperaeschra-georgica
07917,Notodontidae,Hyperaeschra-georgica
07917,Notodontidae,Hyperaeschra-georgica
07917,Notodontidae,Hyperaeschra-georgica
07917,Notodontidae,Hyperaeschra-georgica
07917,Notodontidae,Hyperaeschra-georgica
07917,Notodontidae,Hyperaeschra-georgica
07919,Notodontidae,Peridea-basitriens
07919,Notodontidae,Peridea-basitriens
07919,Notodontidae,Peridea-basitriens
07919,Notodontidae,Peridea-basitriens
07919,Notodontidae,Peridea-basitriens
07919,Notodontidae,Peridea-basitriens
07919,Notodontidae,Peridea-basitriens
07919,Notodontidae,Peridea-basitriens
07919,Notodontidae,Peridea-basitriens
07920,Notodontidae,Peridea-angulosa
07920,Notodontidae,Peridea-angulosa
07920,Notodontidae,Peridea-angulosa
07920,Notodontidae,Peridea-angulosa
07921,Notodontidae,Peridea-ferruginea
07921,Notodontidae,Peridea-ferruginea
07921,Notodontidae,Peridea-ferruginea
07921,Notodontidae,Peridea-ferruginea
07921,Notodontidae,Peridea-ferruginea
07921,Notodontidae,Peridea-ferruginea
07921,Notodontidae,Peridea-ferruginea
07921,Notodontidae,Peridea-ferruginea
07921,Notodontidae,Peridea-ferruginea
07921,Notodontidae,Peridea-ferruginea
07921,Notodontidae,Peridea-ferruginea
07921,Notodontidae,Peridea-ferruginea
07921,Notodontidae,Peridea-ferruginea
07921,Notodontidae,Peridea-ferruginea
07921,Notodontidae,Peridea-ferruginea
07921,Notodontidae,Peridea-ferruginea
07921,Notodontidae,Peridea-ferruginea
07921,Notodontidae,Peridea-ferruginea
07921,Notodontidae,Peridea-ferruginea
07921,Notodontidae,Peridea-ferruginea
07921,Notodontidae,Peridea-ferruginea
07921,Notodontidae,Peridea-ferruginea
07921,Notodontidae,Peridea-ferruginea
07921,Notodontidae,Peridea-ferruginea
07921,Notodontidae,Peridea-ferruginea
07922,Notodontidae,Pheosia-rimosa
07922,Notodontidae,Pheosia-rimosa
07928,Notodontidae,Notodonta-torva
07929,Notodontidae,Nerice-bidentata
07929,Notodontidae,Nerice-bidentata
07931,Notodontidae,Gluphisia-septentrionis
07931,Notodontidae,Gluphisia-septentrionis
07931,Notodontidae,Gluphisia-septentrionis
07931,Notodontidae,Gluphisia-septentrionis
07931,Notodontidae,Gluphisia-septentrionis
07931,Notodontidae,Gluphisia-septentrionis
07931,Notodontidae,Gluphisia-septentrionis
07931,Notodontidae,Gluphisia-septentrionis
07931,Notodontidae,Gluphisia-septentrionis
07931,Notodontidae,Gluphisia-septentrionis
07931,Notodontidae,Gluphisia-septentrionis
07931,Notodontidae,Gluphisia-septentrionis
07931,Notodontidae,Gluphisia-septentrionis
07931,Notodontidae,Gluphisia-septentrionis
07931,Notodontidae,Gluphisia-septentrionis
07931,Notodontidae,Gluphisia-septentrionis
07931,Notodontidae,Gluphisia-septentrionis
07931,Notodontidae,Gluphisia-septentrionis
07931,Notodontidae,Gluphisia-septentrionis
07931,Notodontidae,Gluphisia-septentrionis
07931,Notodontidae,Gluphisia-septentrionis
07931,Notodontidae,Gluphisia-septentrionis
07936,Notodontidae,Furcula-borealis
07936,Notodontidae,Furcula-borealis
07937,Notodontidae,Furcula-cinerea
07958,Notodontidae,Dasylophia-thyatiroides
07958,Notodontidae,Dasylophia-thyatiroides
07958,Notodontidae,Dasylophia-thyatiroides
07958,Notodontidae,Dasylophia-thyatiroides
07958,Notodontidae,Dasylophia-thyatiroides
07958,Notodontidae,Dasylophia-thyatiroides
07974,Notodontidae,Misogada-unicolor
07974,Notodontidae,Misogada-unicolor
07974,Notodontidae,Misogada-unicolor
07975,Notodontidae,Macrurocampa-marthesia
07975,Notodontidae,Macrurocampa-marthesia
07975,Notodontidae,Macrurocampa-marthesia
07985,Notodontidae,Rifargia-subrotata
07985,Notodontidae,Rifargia-subrotata
07990,Notodontidae,Heterocampa-umbrata
07990,Notodontidae,Heterocampa-umbrata
07990,Notodontidae,Heterocampa-umbrata
07990,Notodontidae,Heterocampa-umbrata
07994,Notodontidae,Cecrita-guttivitta
07994,Notodontidae,Cecrita-guttivitta
07994,Notodontidae,Cecrita-guttivitta
07994,Notodontidae,Cecrita-guttivitta
07994,Notodontidae,Cecrita-guttivitta
07994,Notodontidae,Cecrita-guttivitta
07994,Notodontidae,Cecrita-guttivitta
07994,Notodontidae,Cecrita-guttivitta
07994,Notodontidae,Cecrita-guttivitta
07994,Notodontidae,Cecrita-guttivitta
07994,Notodontidae,Cecrita-guttivitta
07994,Notodontidae,Cecrita-guttivitta
07994,Notodontidae,Cecrita-guttivitta
07995,Notodontidae,Cecrita-biundata
07998,Notodontidae,Lochmaeus-manteo
07998,Notodontidae,Lochmaeus-manteo
08005,Notodontidae,Schizura-ipomoeae
08007,Notodontidae,Schizura-unicornis
08007,Notodontidae,Schizura-unicornis
08017,Notodontidae,Ianassa-lignicolor
08017,Notodontidae,Ianassa-lignicolor
08090,Arctiidae,Hypoprepia-fucosa
08090,Arctiidae,Hypoprepia-fucosa
08090,Arctiidae,Hypoprepia-fucosa
08090,Arctiidae,Hypoprepia-fucosa
08090,Arctiidae,Hypoprepia-fucosa
08098,Arctiidae,Clemensia-albata
08098,Arctiidae,Clemensia-albata
08098,Arctiidae,Clemensia-albata
08098,Arctiidae,Clemensia-albata
08107,Erebidae,Haploa-clymene
08133,Erebidae,Spilosoma-latipennis
08133,Erebidae,Spilosoma-latipennis
08133,Erebidae,Spilosoma-latipennis
08133,Erebidae,Spilosoma-latipennis
08133,Erebidae,Spilosoma-latipennis
08133,Erebidae,Spilosoma-latipennis
08133,Erebidae,Spilosoma-latipennis
08133,Erebidae,Spilosoma-latipennis
08133,Erebidae,Spilosoma-latipennis
08133,Erebidae,Spilosoma-latipennis
08133,Erebidae,Spilosoma-latipennis
08134,Erebidae,Spilosoma-congrua
08137,Arctiidae,Spilosoma-virginica
08137,Arctiidae,Spilosoma-virginica
08137,Arctiidae,Spilosoma-virginica
08137,Arctiidae,Spilosoma-virginica
08137,Arctiidae,Spilosoma-virginica
08137,Arctiidae,Spilosoma-virginica
08137,Arctiidae,Spilosoma-virginica
08162,Arctiidae,Platarctia-parthenos
08162,Arctiidae,Platarctia-parthenos
08196,Erebidae,Apantesis-parthenice
08203,Arctiidae,Halysidota-tessellaris
08203,Arctiidae,Halysidota-tessellaris
08203,Arctiidae,Halysidota-tessellaris
08211,Erebidae,Lophocampa-caryae
08211,Erebidae,Lophocampa-caryae
08211,Erebidae,Lophocampa-caryae
08294,Erebidae,Dasychira-vagans
08294,Erebidae,Dasychira-vagans
08294,Erebidae,Dasychira-vagans
08294,Erebidae,Dasychira-vagans
08296,Erebidae,Dasychira-basiflava
08296,Erebidae,Dasychira-basiflava
08296,Erebidae,Dasychira-basiflava
08296,Erebidae,Dasychira-basiflava
08304,Erebidae,Dasychira-plagiata
08316,Lymantriidae,Orgyia-leucostigma
08316,Lymantriidae,Orgyia-leucostigma
08316,Lymantriidae,Orgyia-leucostigma
08318,Lymantriidae,Lymantria-dispar
08318,Lymantriidae,Lymantria-dispar
08318,Lymantriidae,Lymantria-dispar
08318,Lymantriidae,Lymantria-dispar
08318,Lymantriidae,Lymantria-dispar
08318,Lymantriidae,Lymantria-dispar
08318,Lymantriidae,Lymantria-dispar
08318,Lymantriidae,Lymantria-dispar
08318,Lymantriidae,Lymantria-dispar
08318,Lymantriidae,Lymantria-dispar
08318,Lymantriidae,Lymantria-dispar
08318,Lymantriidae,Lymantria-dispar
08318,Lymantriidae,Lymantria-dispar
08318,Lymantriidae,Lymantria-dispar
08322,Erebidae,Idia-americalis
08322,Erebidae,Idia-americalis
08323,Erebidae,Idia-aemula
08323,Erebidae,Idia-aemula
08323,Erebidae,Idia-aemula
08323,Erebidae,Idia-aemula
08326,Erebidae,Idia-rotundalis
08326,Erebidae,Idia-rotundalis
08326,Erebidae,Idia-rotundalis
08326,Erebidae,Idia-rotundalis
08326,Erebidae,Idia-rotundalis
08326,Erebidae,Idia-rotundalis
08326,Erebidae,Idia-rotundalis
08326,Erebidae,Idia-rotundalis
08326,Erebidae,Idia-rotundalis
08326,Erebidae,Idia-rotundalis
08326,Erebidae,Idia-rotundalis
08326,Erebidae,Idia-rotundalis
08326,Erebidae,Idia-rotundalis
08326,Erebidae,Idia-rotundalis
08326,Erebidae,Idia-rotundalis
08326,Erebidae,Idia-rotundalis
08326,Erebidae,Idia-rotundalis
08326,Erebidae,Idia-rotundalis
08326,Erebidae,Idia-rotundalis
08326,Erebidae,Idia-rotundalis
08326,Erebidae,Idia-rotundalis
08334,Erebidae,Idia-lubricalis
08334,Erebidae,Idia-lubricalis
08334,Erebidae,Idia-lubricalis
08334,Erebidae,Idia-lubricalis
08334,Erebidae,Idia-lubricalis
08345,Erebidae,Zanclognatha-laevigata
08345,Erebidae,Zanclognatha-laevigata
08345,Erebidae,Zanclognatha-laevigata
08345,Erebidae,Zanclognatha-laevigata
08345,Erebidae,Zanclognatha-laevigata
08345,Erebidae,Zanclognatha-laevigata
08345,Erebidae,Zanclognatha-laevigata
08345,Erebidae,Zanclognatha-laevigata
08345,Erebidae,Zanclognatha-laevigata
08348,Erebidae,Zanclognatha-pedipilalis
08351,Erebidae,Zanclognatha-cruralis
08351,Erebidae,Zanclognatha-cruralis
08353,Erebidae,Zanclognatha-jacchusalis
08353,Erebidae,Zanclognatha-jacchusalis
08353,Erebidae,Zanclognatha-jacchusalis
08353,Erebidae,Zanclognatha-jacchusalis
08353,Erebidae,Zanclognatha-jacchusalis
08353,Erebidae,Zanclognatha-jacchusalis
08353,Erebidae,Zanclognatha-jacchusalis
08353,Erebidae,Zanclognatha-jacchusalis
08353,Erebidae,Zanclognatha-jacchusalis
08353,Erebidae,Zanclognatha-jacchusalis
08353,Erebidae,Zanclognatha-jacchusalis
08355,Erebidae,Chytolita-morbidalis
08387,Erebidae,Renia-sobrialis
08397,Erebidae,Palthis-angulalis
08421,Erebidae,Hypenodes-fractilinea
08428,Erebidae,Dyspyralis-nigellus
08442,Erebidae,Bomolocha-baltimoralis
08442,Erebidae,Bomolocha-baltimoralis
08442,Erebidae,Bomolocha-baltimoralis
08442,Erebidae,Bomolocha-baltimoralis
08442,Erebidae,Bomolocha-baltimoralis
08442,Erebidae,Bomolocha-baltimoralis
08442,Erebidae,Bomolocha-baltimoralis
08461,Erebidae,Hypena-humuli
08461,Erebidae,Hypena-humuli
08461,Erebidae,Hypena-humuli
08499,Erebidae,Metalectra-discalis
08499,Erebidae,Metalectra-discalis
08499,Erebidae,Metalectra-discalis
08499,Erebidae,Metalectra-discalis
08499,Erebidae,Metalectra-discalis
08499,Erebidae,Metalectra-discalis
08499,Erebidae,Metalectra-discalis
08689,Erebidae,Zale-lunata
08689,Erebidae,Zale-lunata
08689,Erebidae,Zale-lunata
08689,Erebidae,Zale-lunata
08697,Erebidae,Zale-minerea
08697,Erebidae,Zale-minerea
08801,Erebidae,Catocala-ilia
08805,Erebidae,Catocala-unijuga
08805,Erebidae,Catocala-unijuga
09049,Noctuidae,Maliattha-synochitis
09177,Noctuidae,Panthea-acronyctoides
09177,Noctuidae,Panthea-acronyctoides
09182,Noctuidae,Panthea-furcilla
09182,Noctuidae,Panthea-furcilla
09182,Noctuidae,Panthea-furcilla
09182,Noctuidae,Panthea-furcilla
09182,Noctuidae,Panthea-furcilla
09182,Noctuidae,Panthea-furcilla
09182,Noctuidae,Panthea-furcilla
09184,Noctuidae,Colocasia-flavicornis
09184,Noctuidae,Colocasia-flavicornis
09185,Noctuidae,Colocasia-propinquilinea
09185,Noctuidae,Colocasia-propinquilinea
09185,Noctuidae,Colocasia-propinquilinea
09185,Noctuidae,Colocasia-propinquilinea
09185,Noctuidae,Colocasia-propinquilinea
09185,Noctuidae,Colocasia-propinquilinea
09185,Noctuidae,Colocasia-propinquilinea
09185,Noctuidae,Colocasia-propinquilinea
09193,Noctuidae,Raphia-frater
09193,Noctuidae,Raphia-frater
09193,Noctuidae,Raphia-frater
09193,Noctuidae,Raphia-frater
09193,Noctuidae,Raphia-frater
09193,Noctuidae,Raphia-frater
09193,Noctuidae,Raphia-frater
09193,Noctuidae,Raphia-frater
09193,Noctuidae,Raphia-frater
09193,Noctuidae,Raphia-frater
09200,Noctuidae,Acronicta-americana
09203,Noctuidae,Acronicta-dacylina
09203,Noctuidae,Acronicta-dacylina
09207,Noctuidae,Acronicta-innotata
09207,Noctuidae,Acronicta-innotata
09219,Noctuidae,Acronicta-connecta
09226,Noctuidae,Harrisimemna-trisignata
09227,Noctuidae,Acronicta-laetifica
09235,Noctuidae,Acronicta-spinigera
09241,Noctuidae,Acronicta-fragilis
09241,Noctuidae,Acronicta-fragilis
09249,Noctuidae,Acronicta-increta
09249,Noctuidae,Acronicta-increta
09249,Noctuidae,Acronicta-increta
09251,Noctuidae,Acronicta-retardata
09257,Noctuidae,Acronicta-impleta
09257,Noctuidae,Acronicta-impleta
09257,Noctuidae,Acronicta-impleta
09257,Noctuidae,Acronicta-impleta
09419,Noctuidae,Platypolia-mactata
09520,Noctuidae,Achatodes-zeae
09631,Noctuidae,Callopistria-cordata
09638,Noctuidae,Sunira-bicolorago
09662,Noctuidae,Balsa-malana
09678,Noctuidae,Elaphria-versicolor
09678,Noctuidae,Elaphria-versicolor
09961,Noctuidae,Anathix-ralla
09961,Noctuidae,Anathix-ralla
09961,Noctuidae,Anathix-ralla
09961,Noctuidae,Anathix-ralla
10008,Noctuidae,Feralia-comstocki
10008,Noctuidae,Feralia-comstocki
10008,Noctuidae,Feralia-comstocki
10280,Noctuidae,Polia-purpurissata
10524,Noctuidae,Nephelodes-minians
10674,Noctuidae,Feltia-subgothica
10674,Noctuidae,Feltia-subgothica
10674,Noctuidae,Feltia-subgothica
10702,Noctuidae,Euxoa-divergens
10705,Noctuidae,Euxoa-messoria
10943,Noctuidae,Pseudohermonassa-bicarnea
10943,Noctuidae,Pseudohermonassa-bicarnea
10943,Noctuidae,Pseudohermonassa-bicarnea
10951,Noctuidae,Pseudohermonassa-tenuicula
10968,Noctuidae,Anaplectoides-prasina
11000,Noctuidae,Anaplectoides-prasina
11000,Noctuidae,Anaplectoides-prasina
11000,Noctuidae,Anaplectoides-prasina
11000,Noctuidae,Anaplectoides-prasina
11000,Noctuidae,Anaplectoides-prasina
11006,Noctuidae,Protolampra-brunneicollis
11008,Noctuidae,Eueretagrotis-perattentus
11012,Noctuidae,Cryptocala-acadiensis
